add-yield-none,1,1,2,78000,39000,0
add-yield-none,1,10,20,80000,4000,0
add-yield-none,1,100,200,224000,1120,0
add-yield-none,1,1000,2000,765000,382,0
add-yield-none,1,10000,20000,7209000,360,0
add-yield-none,1,100000,200000,66690000,333,0
add-yield-none,2,1,4,88000,22000,1
add-yield-none,2,10,40,93000,2325,5
add-yield-none,2,100,400,205000,512,0
add-yield-none,2,1000,4000,990000,247,-9
add-yield-none,2,10000,40000,7038000,175,17
add-yield-none,2,100000,400000,70438000,176,-2761
add-yield-none,4,1,8,140000,17500,0
add-yield-none,4,10,80,198000,2475,0
add-yield-none,4,100,800,549000,686,-5
add-yield-none,4,1000,8000,1309000,163,-42
add-yield-none,4,10000,80000,9055000,113,10
add-yield-none,4,100000,800000,90927000,113,-134
add-yield-none,8,1,16,302000,18875,1
add-yield-none,8,10,160,345000,2156,19
add-yield-none,8,100,1600,1629000,1018,3
add-yield-none,8,1000,16000,14422000,901,15
add-yield-none,8,10000,160000,124992000,781,-12
add-yield-none,8,100000,1600000,1215099000,759,25
add-yield-none,12,1,24,429000,17875,0
add-yield-none,12,10,240,647000,2695,18
add-yield-none,12,100,2400,2101000,875,11
add-yield-none,12,1000,24000,18471000,769,3
add-yield-none,12,10000,240000,199987000,833,19
add-yield-none,12,100000,2400000,1930692000,804,-130
add-none,2,100,400,99000,247,0
add-none,2,1000,4000,112000,28,448
add-none,2,10000,40000,657000,16,2330
add-none,2,100000,400000,6237000,15,1754
add-yield-none,2,100,400,209000,522,0
add-yield-none,2,1000,4000,863000,215,49
add-yield-none,2,10000,40000,7980000,199,-71
add-yield-none,2,100000,400000,72845000,182,-338
add-none,8,100,1600,301000,188,0
add-none,8,1000,16000,281000,17,43
add-none,8,10000,160000,1956000,12,-4695
add-none,8,100000,1600000,20057000,12,-111436
add-yield-none,8,100,1600,3239000,2024,0
add-yield-none,8,1000,16000,14037000,877,-10
add-yield-none,8,10000,160000,124924000,780,0
add-yield-none,8,100000,1600000,1215275000,759,-97
add-none,1,1,2,68000,34000,0
add-none,1,2,4,71000,17750,0
add-none,1,3,6,84000,14000,0
add-none,1,4,8,54000,6750,0
add-none,1,5,10,53000,5300,0
add-none,1,6,12,82000,6833,0
add-none,1,7,14,54000,3857,0
add-none,1,8,16,76000,4750,0
add-none,1,9,18,94000,5222,0
add-none,1,10,20,80000,4000,0
add-none,1,11,22,65000,2954,0
add-none,1,12,24,55000,2291,0
add-none,1,13,26,56000,2153,0
add-none,1,14,28,112000,4000,0
add-none,1,15,30,89000,2966,0
add-none,1,16,32,56000,1750,0
add-none,1,17,34,72000,2117,0
add-none,1,18,36,55000,1527,0
add-none,1,19,38,68000,1789,0
add-none,1,20,40,86000,2150,0
add-none,1,21,42,170000,4047,0
add-none,1,22,44,55000,1250,0
add-none,1,23,46,55000,1195,0
add-none,1,24,48,88000,1833,0
add-none,1,25,50,59000,1180,0
add-none,1,26,52,56000,1076,0
add-none,1,27,54,90000,1666,0
add-none,1,28,56,81000,1446,0
add-none,1,29,58,86000,1482,0
add-none,1,30,60,60000,1000,0
add-none,1,31,62,56000,903,0
add-none,1,32,64,85000,1328,0
add-none,1,33,66,55000,833,0
add-none,1,34,68,57000,838,0
add-none,1,35,70,56000,800,0
add-none,1,36,72,57000,791,0
add-none,1,37,74,59000,797,0
add-none,1,38,76,86000,1131,0
add-none,1,39,78,55000,705,0
add-none,1,40,80,77000,962,0
add-none,1,41,82,62000,756,0
add-none,1,42,84,57000,678,0
add-none,1,43,86,50000,581,0
add-none,1,44,88,61000,693,0
add-none,1,45,90,80000,888,0
add-none,1,46,92,57000,619,0
add-none,1,47,94,86000,914,0
add-none,1,48,96,179000,1864,0
add-none,1,49,98,65000,663,0
add-none,1,50,100,55000,550,0
add-none,1,51,102,84000,823,0
add-none,1,52,104,100000,961,0
add-none,1,53,106,77000,726,0
add-none,1,54,108,62000,574,0
add-none,1,55,110,109000,990,0
add-none,1,56,112,55000,491,0
add-none,1,57,114,60000,526,0
add-none,1,58,116,122000,1051,0
add-none,1,59,118,75000,635,0
add-none,1,60,120,55000,458,0
add-none,1,61,122,91000,745,0
add-none,1,62,124,90000,725,0
add-none,1,63,126,94000,746,0
add-none,1,64,128,64000,500,0
add-none,1,65,130,95000,730,0
add-none,1,66,132,84000,636,0
add-none,1,67,134,56000,417,0
add-none,1,68,136,57000,419,0
add-none,1,69,138,87000,630,0
add-none,1,70,140,79000,564,0
add-none,1,71,142,65000,457,0
add-none,1,72,144,59000,409,0
add-none,1,73,146,61000,417,0
add-none,1,74,148,82000,554,0
add-none,1,75,150,55000,366,0
add-none,1,76,152,54000,355,0
add-none,1,77,154,70000,454,0
add-none,1,78,156,162000,1038,0
add-none,1,79,158,78000,493,0
add-none,1,80,160,58000,362,0
add-none,1,81,162,99000,611,0
add-none,1,82,164,90000,548,0
add-none,1,83,166,63000,379,0
add-none,1,84,168,56000,333,0
add-none,1,85,170,60000,352,0
add-none,1,86,172,57000,331,0
add-none,1,87,174,117000,672,0
add-none,1,88,176,72000,409,0
add-none,1,89,178,51000,286,0
add-none,1,90,180,80000,444,0
add-none,1,91,182,92000,505,0
add-none,1,92,184,88000,478,0
add-none,1,93,186,87000,467,0
add-none,1,94,188,59000,313,0
add-none,1,95,190,57000,300,0
add-none,1,96,192,81000,421,0
add-none,1,97,194,84000,432,0
add-none,1,98,196,96000,489,0
add-none,1,99,198,93000,469,0
add-none,1,100,200,57000,285,0
add-none,1,101,202,80000,396,0
add-none,1,102,204,84000,411,0
add-none,1,103,206,86000,417,0
add-none,1,104,208,63000,302,0
add-none,1,105,210,87000,414,0
add-none,1,106,212,96000,452,0
add-none,1,107,214,65000,303,0
add-none,1,108,216,85000,393,0
add-none,1,109,218,55000,252,0
add-none,1,110,220,60000,272,0
add-none,1,111,222,57000,256,0
add-none,1,112,224,80000,357,0
add-none,1,113,226,93000,411,0
add-none,1,114,228,54000,236,0
add-none,1,115,230,60000,260,0
add-none,1,116,232,59000,254,0
add-none,1,117,234,56000,239,0
add-none,1,118,236,95000,402,0
add-none,1,119,238,58000,243,0
add-none,1,120,240,88000,366,0
add-none,1,121,242,80000,330,0
add-none,1,122,244,93000,381,0
add-none,1,123,246,98000,398,0
add-none,1,124,248,66000,266,0
add-none,1,125,250,117000,468,0
add-none,1,126,252,80000,317,0
add-none,1,127,254,76000,299,0
add-none,1,128,256,88000,343,0
add-none,1,129,258,76000,294,0
add-none,1,130,260,85000,326,0
add-none,1,131,262,55000,209,0
add-none,1,132,264,93000,352,0
add-none,1,133,266,79000,296,0
add-none,1,134,268,86000,320,0
add-none,1,135,270,73000,270,0
add-none,1,136,272,68000,250,0
add-none,1,137,274,88000,321,0
add-none,1,138,276,86000,311,0
add-none,1,139,278,59000,212,0
add-none,1,140,280,101000,360,0
add-none,1,141,282,94000,333,0
add-none,1,142,284,61000,214,0
add-none,1,143,286,57000,199,0
add-none,1,144,288,70000,243,0
add-none,1,145,290,63000,217,0
add-none,1,146,292,103000,352,0
add-none,1,147,294,54000,183,0
add-none,1,148,296,85000,287,0
add-none,1,149,298,99000,332,0
add-none,1,150,300,127000,423,0
add-none,1,151,302,60000,198,0
add-none,1,152,304,76000,250,0
add-none,1,153,306,74000,241,0
add-none,1,154,308,59000,191,0
add-none,1,155,310,62000,200,0
add-none,1,156,312,83000,266,0
add-none,1,157,314,165000,525,0
add-none,1,158,316,87000,275,0
add-none,1,159,318,89000,279,0
add-none,1,160,320,91000,284,0
add-none,1,161,322,67000,208,0
add-none,1,162,324,58000,179,0
add-none,1,163,326,53000,162,0
add-none,1,164,328,53000,161,0
add-none,1,165,330,90000,272,0
add-none,1,166,332,78000,234,0
add-none,1,167,334,58000,173,0
add-none,1,168,336,86000,255,0
add-none,1,169,338,108000,319,0
add-none,1,170,340,71000,208,0
add-none,1,171,342,62000,181,0
add-none,1,172,344,52000,151,0
add-none,1,173,346,92000,265,0
add-none,1,174,348,93000,267,0
add-none,1,175,350,78000,222,0
add-none,1,176,352,82000,232,0
add-none,1,177,354,59000,166,0
add-none,1,178,356,77000,216,0
add-none,1,179,358,58000,162,0
add-none,1,180,360,68000,188,0
add-none,1,181,362,103000,284,0
add-none,1,182,364,71000,195,0
add-none,1,183,366,56000,153,0
add-none,1,184,368,87000,236,0
add-none,1,185,370,54000,145,0
add-none,1,186,372,77000,206,0
add-none,1,187,374,87000,232,0
add-none,1,188,376,73000,194,0
add-none,1,189,378,67000,177,0
add-none,1,190,380,60000,157,0
add-none,1,191,382,85000,222,0
add-none,1,192,384,55000,143,0
add-none,1,193,386,67000,173,0
add-none,1,194,388,55000,141,0
add-none,1,195,390,87000,223,0
add-none,1,196,392,69000,176,0
add-none,1,197,394,62000,157,0
add-none,1,198,396,66000,166,0
add-none,1,199,398,107000,268,0
add-none,1,200,400,59000,147,0
add-none,1,201,402,123000,305,0
add-none,1,202,404,74000,183,0
add-none,1,203,406,55000,135,0
add-none,1,204,408,98000,240,0
add-none,1,205,410,78000,190,0
add-none,1,206,412,55000,133,0
add-none,1,207,414,59000,142,0
add-none,1,208,416,76000,182,0
add-none,1,209,418,86000,205,0
add-none,1,210,420,95000,226,0
add-none,1,211,422,191000,452,0
add-none,1,212,424,118000,278,0
add-none,1,213,426,55000,129,0
add-none,1,214,428,87000,203,0
add-none,1,215,430,99000,230,0
add-none,1,216,432,67000,155,0
add-none,1,217,434,79000,182,0
add-none,1,218,436,107000,245,0
add-none,1,219,438,102000,232,0
add-none,1,220,440,57000,129,0
add-none,1,221,442,87000,196,0
add-none,1,222,444,55000,123,0
add-none,1,223,446,64000,143,0
add-none,1,224,448,91000,203,0
add-none,1,225,450,89000,197,0
add-none,1,226,452,64000,141,0
add-none,1,227,454,59000,129,0
add-none,1,228,456,58000,127,0
add-none,1,229,458,71000,155,0
add-none,1,230,460,88000,191,0
add-none,1,231,462,56000,121,0
add-none,1,232,464,93000,200,0
add-none,1,233,466,89000,190,0
add-none,1,234,468,64000,136,0
add-none,1,235,470,80000,170,0
add-none,1,236,472,56000,118,0
add-none,1,237,474,72000,151,0
add-none,1,238,476,64000,134,0
add-none,1,239,478,87000,182,0
add-none,1,240,480,79000,164,0
add-none,1,241,482,56000,116,0
add-none,1,242,484,57000,117,0
add-none,1,243,486,57000,117,0
add-none,1,244,488,100000,204,0
add-none,1,245,490,89000,181,0
add-none,1,246,492,57000,115,0
add-none,1,247,494,62000,125,0
add-none,1,248,496,75000,151,0
add-none,1,249,498,100000,200,0
add-none,1,250,500,57000,114,0
add-none,1,251,502,62000,123,0
add-none,1,252,504,66000,130,0
add-none,1,253,506,81000,160,0
add-none,1,254,508,73000,143,0
add-none,1,255,510,56000,109,0
add-none,1,256,512,95000,185,0
add-none,1,257,514,88000,171,0
add-none,1,258,516,82000,158,0
add-none,1,259,518,55000,106,0
add-none,1,260,520,70000,134,0
add-none,1,261,522,83000,159,0
add-none,1,262,524,57000,108,0
add-none,1,263,526,90000,171,0
add-none,1,264,528,89000,168,0
add-none,1,265,530,89000,167,0
add-none,1,266,532,57000,107,0
add-none,1,267,534,91000,170,0
add-none,1,268,536,118000,220,0
add-none,1,269,538,90000,167,0
add-none,1,270,540,60000,111,0
add-none,1,271,542,88000,162,0
add-none,1,272,544,57000,104,0
add-none,1,273,546,67000,122,0
add-none,1,274,548,88000,160,0
add-none,1,275,550,91000,165,0
add-none,1,276,552,97000,175,0
add-none,1,277,554,91000,164,0
add-none,1,278,556,57000,102,0
add-none,1,279,558,90000,161,0
add-none,1,280,560,90000,160,0
add-none,1,281,562,85000,151,0
add-none,1,282,564,65000,115,0
add-none,1,283,566,82000,144,0
add-none,1,284,568,84000,147,0
add-none,1,285,570,71000,124,0
add-none,1,286,572,84000,146,0
add-none,1,287,574,71000,123,0
add-none,1,288,576,57000,98,0
add-none,1,289,578,56000,96,0
add-none,1,290,580,65000,112,0
add-none,1,291,582,74000,127,0
add-none,1,292,584,96000,164,0
add-none,1,293,586,87000,148,0
add-none,1,294,588,93000,158,0
add-none,1,295,590,92000,155,0
add-none,1,296,592,56000,94,0
add-none,1,297,594,62000,104,0
add-none,1,298,596,103000,172,0
add-none,1,299,598,80000,133,0
add-none,1,300,600,91000,151,0
add-none,1,301,602,93000,154,0
add-none,1,302,604,99000,163,0
add-none,1,303,606,77000,127,0
add-none,1,304,608,63000,103,0
add-none,1,305,610,100000,163,0
add-none,1,306,612,89000,145,0
add-none,1,307,614,118000,192,0
add-none,1,308,616,68000,110,0
add-none,1,309,618,82000,132,0
add-none,1,310,620,92000,148,0
add-none,1,311,622,65000,104,0
add-none,1,312,624,100000,160,0
add-none,1,313,626,100000,159,0
add-none,1,314,628,81000,128,0
add-none,1,315,630,89000,141,0
add-none,1,316,632,90000,142,0
add-none,1,317,634,114000,179,0
add-none,1,318,636,87000,136,0
add-none,1,319,638,95000,148,0
add-none,1,320,640,85000,132,0
add-none,1,321,642,82000,127,0
add-none,1,322,644,67000,104,0
add-none,1,323,646,65000,100,0
add-none,1,324,648,80000,123,0
add-none,1,325,650,168000,258,0
add-none,1,326,652,94000,144,0
add-none,1,327,654,90000,137,0
add-none,1,328,656,68000,103,0
add-none,1,329,658,95000,144,0
add-none,1,330,660,82000,124,0
add-none,1,331,662,146000,220,0
add-none,1,332,664,59000,88,0
add-none,1,333,666,66000,99,0
add-none,1,334,668,115000,172,0
add-none,1,335,670,80000,119,0
add-none,1,336,672,72000,107,0
add-none,1,337,674,68000,100,0
add-none,1,338,676,71000,105,0
add-none,1,339,678,159000,234,0
add-none,1,340,680,86000,126,0
add-none,1,341,682,90000,131,0
add-none,1,342,684,90000,131,0
add-none,1,343,686,73000,106,0
add-none,1,344,688,131000,190,0
add-none,1,345,690,73000,105,0
add-none,1,346,692,91000,131,0
add-none,1,347,694,76000,109,0
add-none,1,348,696,91000,130,0
add-none,1,349,698,89000,127,0
add-none,1,350,700,96000,137,0
add-none,1,351,702,88000,125,0
add-none,1,352,704,81000,115,0
add-none,1,353,706,100000,141,0
add-none,1,354,708,89000,125,0
add-none,1,355,710,66000,92,0
add-none,1,356,712,90000,126,0
add-none,1,357,714,82000,114,0
add-none,1,358,716,71000,99,0
add-none,1,359,718,88000,122,0
add-none,1,360,720,100000,138,0
add-none,1,361,722,64000,88,0
add-none,1,362,724,87000,120,0
add-none,1,363,726,156000,214,0
add-none,1,364,728,78000,107,0
add-none,1,365,730,82000,112,0
add-none,1,366,732,96000,131,0
add-none,1,367,734,89000,121,0
add-none,1,368,736,90000,122,0
add-none,1,369,738,162000,219,0
add-none,1,370,740,77000,104,0
add-none,1,371,742,82000,110,0
add-none,1,372,744,66000,88,0
add-none,1,373,746,88000,117,0
add-none,1,374,748,75000,100,0
add-none,1,375,750,64000,85,0
add-none,1,376,752,86000,114,0
add-none,1,377,754,104000,137,0
add-none,1,378,756,79000,104,0
add-none,1,379,758,119000,156,0
add-none,1,380,760,104000,136,0
add-none,1,381,762,91000,119,0
add-none,1,382,764,75000,98,0
add-none,1,383,766,86000,112,0
add-none,1,384,768,63000,82,0
add-none,1,385,770,88000,114,0
add-none,1,386,772,95000,123,0
add-none,1,387,774,89000,114,0
add-none,1,388,776,67000,86,0
add-none,1,389,778,108000,138,0
add-none,1,390,780,100000,128,0
add-none,1,391,782,134000,171,0
add-none,1,392,784,65000,82,0
add-none,1,393,786,72000,91,0
add-none,1,394,788,68000,86,0
add-none,1,395,790,92000,116,0
add-none,1,396,792,100000,126,0
add-none,1,397,794,102000,128,0
add-none,1,398,796,83000,104,0
add-none,1,399,798,88000,110,0
add-none,1,400,800,95000,118,0
add-none,1,401,802,62000,77,0
add-none,1,402,804,82000,101,0
add-none,1,403,806,89000,110,0
add-none,1,404,808,91000,112,0
add-none,1,405,810,73000,90,0
add-none,1,406,812,88000,108,0
add-none,1,407,814,64000,78,0
add-none,1,408,816,75000,91,0
add-none,1,409,818,86000,105,0
add-none,1,410,820,66000,80,0
add-none,1,411,822,68000,82,0
add-none,1,412,824,90000,109,0
add-none,1,413,826,96000,116,0
add-none,1,414,828,79000,95,0
add-none,1,415,830,80000,96,0
add-none,1,416,832,68000,81,0
add-none,1,417,834,67000,80,0
add-none,1,418,836,91000,108,0
add-none,1,419,838,102000,121,0
add-none,1,420,840,92000,109,0
add-none,1,421,842,80000,95,0
add-none,1,422,844,76000,90,0
add-none,1,423,846,71000,83,0
add-none,1,424,848,91000,107,0
add-none,1,425,850,68000,80,0
add-none,1,426,852,80000,93,0
add-none,1,427,854,73000,85,0
add-none,1,428,856,89000,103,0
add-none,1,429,858,89000,103,0
add-none,1,430,860,70000,81,0
add-none,1,431,862,80000,92,0
add-none,1,432,864,79000,91,0
add-none,1,433,866,104000,120,0
add-none,1,434,868,67000,77,0
add-none,1,435,870,71000,81,0
add-none,1,436,872,66000,75,0
add-none,1,437,874,97000,110,0
add-none,1,438,876,77000,87,0
add-none,1,439,878,82000,93,0
add-none,1,440,880,65000,73,0
add-none,1,441,882,144000,163,0
add-none,1,442,884,90000,101,0
add-none,1,443,886,89000,100,0
add-none,1,444,888,89000,100,0
add-none,1,445,890,107000,120,0
add-none,1,446,892,89000,99,0
add-none,1,447,894,99000,110,0
add-none,1,448,896,76000,84,0
add-none,1,449,898,123000,136,0
add-none,1,450,900,77000,85,0
add-none,1,451,902,82000,90,0
add-none,1,452,904,63000,69,0
add-none,1,453,906,134000,147,0
add-none,1,454,908,68000,74,0
add-none,1,455,910,89000,97,0
add-none,1,456,912,91000,99,0
add-none,1,457,914,82000,89,0
add-none,1,458,916,66000,72,0
add-none,1,459,918,67000,72,0
add-none,1,460,920,67000,72,0
add-none,1,461,922,921000,998,0
add-none,1,462,924,74000,80,0
add-none,1,463,926,85000,91,0
add-none,1,464,928,102000,109,0
add-none,1,465,930,83000,89,0
add-none,1,466,932,90000,96,0
add-none,1,467,934,81000,86,0
add-none,1,468,936,95000,101,0
add-none,1,469,938,93000,99,0
add-none,1,470,940,65000,69,0
add-none,1,471,942,68000,72,0
add-none,1,472,944,72000,76,0
add-none,1,473,946,118000,124,0
add-none,1,474,948,83000,87,0
add-none,1,475,950,94000,98,0
add-none,1,476,952,89000,93,0
add-none,1,477,954,83000,87,0
add-none,1,478,956,72000,75,0
add-none,1,479,958,88000,91,0
add-none,1,480,960,75000,78,0
add-none,1,481,962,76000,79,0
add-none,1,482,964,100000,103,0
add-none,1,483,966,92000,95,0
add-none,1,484,968,89000,91,0
add-none,1,485,970,91000,93,0
add-none,1,486,972,66000,67,0
add-none,1,487,974,121000,124,0
add-none,1,488,976,74000,75,0
add-none,1,489,978,91000,93,0
add-none,1,490,980,79000,80,0
add-none,1,491,982,64000,65,0
add-none,1,492,984,72000,73,0
add-none,1,493,986,67000,67,0
add-none,1,494,988,66000,66,0
add-none,1,495,990,97000,97,0
add-none,1,496,992,89000,89,0
add-none,1,497,994,64000,64,0
add-none,1,498,996,86000,86,0
add-none,1,499,998,98000,98,0
add-none,1,500,1000,93000,93,0
add-none,1,501,1002,102000,101,0
add-none,1,502,1004,68000,67,0
add-none,1,503,1006,77000,76,0
add-none,1,504,1008,77000,76,0
add-none,1,505,1010,67000,66,0
add-none,1,506,1012,84000,83,0
add-none,1,507,1014,84000,82,0
add-none,1,508,1016,95000,93,0
add-none,1,509,1018,133000,130,0
add-none,1,510,1020,92000,90,0
add-none,1,511,1022,101000,98,0
add-none,1,512,1024,68000,66,0
add-none,1,513,1026,64000,62,0
add-none,1,514,1028,145000,141,0
add-none,1,515,1030,104000,100,0
add-none,1,516,1032,129000,125,0
add-none,1,517,1034,83000,80,0
add-none,1,518,1036,79000,76,0
add-none,1,519,1038,93000,89,0
add-none,1,520,1040,84000,80,0
add-none,1,521,1042,87000,83,0
add-none,1,522,1044,77000,73,0
add-none,1,523,1046,76000,72,0
add-none,1,524,1048,86000,82,0
add-none,1,525,1050,100000,95,0
add-none,1,526,1052,90000,85,0
add-none,1,527,1054,90000,85,0
add-none,1,528,1056,88000,83,0
add-none,1,529,1058,97000,91,0
add-none,1,530,1060,87000,82,0
add-none,1,531,1062,91000,85,0
add-none,1,532,1064,109000,102,0
add-none,1,533,1066,75000,70,0
add-none,1,534,1068,96000,89,0
add-none,1,535,1070,90000,84,0
add-none,1,536,1072,87000,81,0
add-none,1,537,1074,131000,121,0
add-none,1,538,1076,102000,94,0
add-none,1,539,1078,86000,79,0
add-none,1,540,1080,72000,66,0
add-none,1,541,1082,100000,92,0
add-none,1,542,1084,69000,63,0
add-none,1,543,1086,90000,82,0
add-none,1,544,1088,74000,68,0
add-none,1,545,1090,103000,94,0
add-none,1,546,1092,148000,135,0
add-none,1,547,1094,84000,76,0
add-none,1,548,1096,79000,72,0
add-none,1,549,1098,75000,68,0
add-none,1,550,1100,98000,89,0
add-none,1,551,1102,76000,68,0
add-none,1,552,1104,118000,106,0
add-none,1,553,1106,100000,90,0
add-none,1,554,1108,92000,83,0
add-none,1,555,1110,86000,77,0
add-none,1,556,1112,88000,79,0
add-none,1,557,1114,75000,67,0
add-none,1,558,1116,90000,80,0
add-none,1,559,1118,82000,73,0
add-none,1,560,1120,139000,124,0
add-none,1,561,1122,72000,64,0
add-none,1,562,1124,116000,103,0
add-none,1,563,1126,80000,71,0
add-none,1,564,1128,86000,76,0
add-none,1,565,1130,83000,73,0
add-none,1,566,1132,90000,79,0
add-none,1,567,1134,92000,81,0
add-none,1,568,1136,102000,89,0
add-none,1,569,1138,83000,72,0
add-none,1,570,1140,76000,66,0
add-none,1,571,1142,78000,68,0
add-none,1,572,1144,100000,87,0
add-none,1,573,1146,105000,91,0
add-none,1,574,1148,92000,80,0
add-none,1,575,1150,68000,59,0
add-none,1,576,1152,135000,117,0
add-none,1,577,1154,68000,58,0
add-none,1,578,1156,90000,77,0
add-none,1,579,1158,75000,64,0
add-none,1,580,1160,80000,68,0
add-none,1,581,1162,106000,91,0
add-none,1,582,1164,101000,86,0
add-none,1,583,1166,89000,76,0
add-none,1,584,1168,98000,83,0
add-none,1,585,1170,86000,73,0
add-none,1,586,1172,86000,73,0
add-none,1,587,1174,91000,77,0
add-none,1,588,1176,101000,85,0
add-none,1,589,1178,82000,69,0
add-none,1,590,1180,69000,58,0
add-none,1,591,1182,104000,87,0
add-none,1,592,1184,68000,57,0
add-none,1,593,1186,65000,54,0
add-none,1,594,1188,92000,77,0
add-none,1,595,1190,109000,91,0
add-none,1,596,1192,107000,89,0
add-none,1,597,1194,91000,76,0
add-none,1,598,1196,103000,86,0
add-none,1,599,1198,68000,56,0
add-none,1,600,1200,88000,73,0
add-none,1,601,1202,70000,58,0
add-none,1,602,1204,91000,75,0
add-none,1,603,1206,95000,78,0
add-none,1,604,1208,82000,67,0
add-none,1,605,1210,103000,85,0
add-none,1,606,1212,70000,57,0
add-none,1,607,1214,86000,70,0
add-none,1,608,1216,75000,61,0
add-none,1,609,1218,75000,61,0
add-none,1,610,1220,84000,68,0
add-none,1,611,1222,70000,57,0
add-none,1,612,1224,77000,62,0
add-none,1,613,1226,91000,74,0
add-none,1,614,1228,88000,71,0
add-none,1,615,1230,104000,84,0
add-none,1,616,1232,100000,81,0
add-none,1,617,1234,122000,98,0
add-none,1,618,1236,92000,74,0
add-none,1,619,1238,93000,75,0
add-none,1,620,1240,87000,70,0
add-none,1,621,1242,68000,54,0
add-none,1,622,1244,73000,58,0
add-none,1,623,1246,78000,62,0
add-none,1,624,1248,74000,59,0
add-none,1,625,1250,70000,56,0
add-none,1,626,1252,87000,69,0
add-none,1,627,1254,85000,67,0
add-none,1,628,1256,76000,60,0
add-none,1,629,1258,89000,70,0
add-none,1,630,1260,83000,65,0
add-none,1,631,1262,103000,81,0
add-none,1,632,1264,97000,76,0
add-none,1,633,1266,110000,86,0
add-none,1,634,1268,72000,56,0
add-none,1,635,1270,68000,53,0
add-none,1,636,1272,122000,95,0
add-none,1,637,1274,72000,56,0
add-none,1,638,1276,81000,63,0
add-none,1,639,1278,87000,68,0
add-none,1,640,1280,75000,58,0
add-none,1,641,1282,85000,66,0
add-none,1,642,1284,99000,77,0
add-none,1,643,1286,90000,69,0
add-none,1,644,1288,91000,70,0
add-none,1,645,1290,85000,65,0
add-none,1,646,1292,83000,64,0
add-none,1,647,1294,87000,67,0
add-none,1,648,1296,69000,53,0
add-none,1,649,1298,88000,67,0
add-none,1,650,1300,94000,72,0
add-none,1,651,1302,93000,71,0
add-none,1,652,1304,85000,65,0
add-none,1,653,1306,99000,75,0
add-none,1,654,1308,119000,90,0
add-none,1,655,1310,90000,68,0
add-none,1,656,1312,68000,51,0
add-none,1,657,1314,76000,57,0
add-none,1,658,1316,82000,62,0
add-none,1,659,1318,86000,65,0
add-none,1,660,1320,82000,62,0
add-none,1,661,1322,105000,79,0
add-none,1,662,1324,99000,74,0
add-none,1,663,1326,144000,108,0
add-none,1,664,1328,68000,51,0
add-none,1,665,1330,90000,67,0
add-none,1,666,1332,77000,57,0
add-none,1,667,1334,83000,62,0
add-none,1,668,1336,83000,62,0
add-none,1,669,1338,74000,55,0
add-none,1,670,1340,73000,54,0
add-none,1,671,1342,102000,76,0
add-none,1,672,1344,69000,51,0
add-none,1,673,1346,68000,50,0
add-none,1,674,1348,150000,111,0
add-none,1,675,1350,87000,64,0
add-none,1,676,1352,70000,51,0
add-none,1,677,1354,75000,55,0
add-none,1,678,1356,88000,64,0
add-none,1,679,1358,70000,51,0
add-none,1,680,1360,104000,76,0
add-none,1,681,1362,122000,89,0
add-none,1,682,1364,92000,67,0
add-none,1,683,1366,71000,51,0
add-none,1,684,1368,85000,62,0
add-none,1,685,1370,88000,64,0
add-none,1,686,1372,92000,67,0
add-none,1,687,1374,82000,59,0
add-none,1,688,1376,67000,48,0
add-none,1,689,1378,131000,95,0
add-none,1,690,1380,83000,60,0
add-none,1,691,1382,84000,60,0
add-none,1,692,1384,78000,56,0
add-none,1,693,1386,119000,85,0
add-none,1,694,1388,103000,74,0
add-none,1,695,1390,93000,66,0
add-none,1,696,1392,92000,66,0
add-none,1,697,1394,87000,62,0
add-none,1,698,1396,73000,52,0
add-none,1,699,1398,97000,69,0
add-none,1,700,1400,71000,50,0
add-none,1,701,1402,121000,86,0
add-none,1,702,1404,73000,51,0
add-none,1,703,1406,69000,49,0
add-none,1,704,1408,91000,64,0
add-none,1,705,1410,89000,63,0
add-none,1,706,1412,90000,63,0
add-none,1,707,1414,78000,55,0
add-none,1,708,1416,78000,55,0
add-none,1,709,1418,93000,65,0
add-none,1,710,1420,88000,61,0
add-none,1,711,1422,88000,61,0
add-none,1,712,1424,81000,56,0
add-none,1,713,1426,72000,50,0
add-none,1,714,1428,69000,48,0
add-none,1,715,1430,94000,65,0
add-none,1,716,1432,60000,41,0
add-none,1,717,1434,98000,68,0
add-none,1,718,1436,69000,48,0
add-none,1,719,1438,69000,47,0
add-none,1,720,1440,74000,51,0
add-none,1,721,1442,86000,59,0
add-none,1,722,1444,72000,49,0
add-none,1,723,1446,89000,61,0
add-none,1,724,1448,92000,63,0
add-none,1,725,1450,77000,53,0
add-none,1,726,1452,93000,64,0
add-none,1,727,1454,101000,69,0
add-none,1,728,1456,70000,48,0
add-none,1,729,1458,94000,64,0
add-none,1,730,1460,94000,64,0
add-none,1,731,1462,102000,69,0
add-none,1,732,1464,205000,140,0
add-none,1,733,1466,105000,71,0
add-none,1,734,1468,81000,55,0
add-none,1,735,1470,69000,46,0
add-none,1,736,1472,91000,61,0
add-none,1,737,1474,69000,46,0
add-none,1,738,1476,72000,48,0
add-none,1,739,1478,90000,60,0
add-none,1,740,1480,96000,64,0
add-none,1,741,1482,76000,51,0
add-none,1,742,1484,64000,43,0
add-none,1,743,1486,69000,46,0
add-none,1,744,1488,146000,98,0
add-none,1,745,1490,88000,59,0
add-none,1,746,1492,70000,46,0
add-none,1,747,1494,74000,49,0
add-none,1,748,1496,73000,48,0
add-none,1,749,1498,77000,51,0
add-none,1,750,1500,101000,67,0
add-none,1,751,1502,82000,54,0
add-none,1,752,1504,83000,55,0
add-none,1,753,1506,336000,223,0
add-none,1,754,1508,70000,46,0
add-none,1,755,1510,114000,75,0
add-none,1,756,1512,70000,46,0
add-none,1,757,1514,94000,62,0
add-none,1,758,1516,85000,56,0
add-none,1,759,1518,89000,58,0
add-none,1,760,1520,76000,50,0
add-none,1,761,1522,72000,47,0
add-none,1,762,1524,83000,54,0
add-none,1,763,1526,99000,64,0
add-none,1,764,1528,70000,45,0
add-none,1,765,1530,108000,70,0
add-none,1,766,1532,72000,46,0
add-none,1,767,1534,80000,52,0
add-none,1,768,1536,68000,44,0
add-none,1,769,1538,83000,53,0
add-none,1,770,1540,92000,59,0
add-none,1,771,1542,77000,49,0
add-none,1,772,1544,116000,75,0
add-none,1,773,1546,97000,62,0
add-none,1,774,1548,154000,99,0
add-none,1,775,1550,85000,54,0
add-none,1,776,1552,78000,50,0
add-none,1,777,1554,97000,62,0
add-none,1,778,1556,97000,62,0
add-none,1,779,1558,81000,51,0
add-none,1,780,1560,165000,105,0
add-none,1,781,1562,107000,68,0
add-none,1,782,1564,80000,51,0
add-none,1,783,1566,98000,62,0
add-none,1,784,1568,92000,58,0
add-none,1,785,1570,70000,44,0
add-none,1,786,1572,85000,54,0
add-none,1,787,1574,116000,73,0
add-none,1,788,1576,96000,60,0
add-none,1,789,1578,75000,47,0
add-none,1,790,1580,77000,48,0
add-none,1,791,1582,71000,44,0
add-none,1,792,1584,103000,65,0
add-none,1,793,1586,79000,49,0
add-none,1,794,1588,280000,176,0
add-none,1,795,1590,86000,54,0
add-none,1,796,1592,91000,57,0
add-none,1,797,1594,76000,47,0
add-none,1,798,1596,85000,53,0
add-none,1,799,1598,86000,53,0
add-none,1,800,1600,87000,54,0
add-none,1,801,1602,99000,61,0
add-none,1,802,1604,125000,77,0
add-none,1,803,1606,88000,54,0
add-none,1,804,1608,96000,59,0
add-none,1,805,1610,70000,43,0
add-none,1,806,1612,92000,57,0
add-none,1,807,1614,90000,55,0
add-none,1,808,1616,70000,43,0
add-none,1,809,1618,112000,69,0
add-none,1,810,1620,100000,61,0
add-none,1,811,1622,94000,57,0
add-none,1,812,1624,82000,50,0
add-none,1,813,1626,87000,53,0
add-none,1,814,1628,93000,57,0
add-none,1,815,1630,78000,47,0
add-none,1,816,1632,71000,43,0
add-none,1,817,1634,87000,53,0
add-none,1,818,1636,151000,92,0
add-none,1,819,1638,96000,58,0
add-none,1,820,1640,71000,43,0
add-none,1,821,1642,144000,87,0
add-none,1,822,1644,83000,50,0
add-none,1,823,1646,115000,69,0
add-none,1,824,1648,87000,52,0
add-none,1,825,1650,124000,75,0
add-none,1,826,1652,101000,61,0
add-none,1,827,1654,70000,42,0
add-none,1,828,1656,113000,68,0
add-none,1,829,1658,84000,50,0
add-none,1,830,1660,82000,49,0
add-none,1,831,1662,69000,41,0
add-none,1,832,1664,79000,47,0
add-none,1,833,1666,69000,41,0
add-none,1,834,1668,113000,67,0
add-none,1,835,1670,69000,41,0
add-none,1,836,1672,85000,50,0
add-none,1,837,1674,69000,41,0
add-none,1,838,1676,98000,58,0
add-none,1,839,1678,71000,42,0
add-none,1,840,1680,85000,50,0
add-none,1,841,1682,91000,54,0
add-none,1,842,1684,92000,54,0
add-none,1,843,1686,125000,74,0
add-none,1,844,1688,71000,42,0
add-none,1,845,1690,68000,40,0
add-none,1,846,1692,102000,60,0
add-none,1,847,1694,94000,55,0
add-none,1,848,1696,97000,57,0
add-none,1,849,1698,92000,54,0
add-none,1,850,1700,84000,49,0
add-none,1,851,1702,73000,42,0
add-none,1,852,1704,118000,69,0
add-none,1,853,1706,208000,121,0
add-none,1,854,1708,80000,46,0
add-none,1,855,1710,71000,41,0
add-none,1,856,1712,76000,44,0
add-none,1,857,1714,91000,53,0
add-none,1,858,1716,78000,45,0
add-none,1,859,1718,94000,54,0
add-none,1,860,1720,71000,41,0
add-none,1,861,1722,123000,71,0
add-none,1,862,1724,79000,45,0
add-none,1,863,1726,76000,44,0
add-none,1,864,1728,72000,41,0
add-none,1,865,1730,149000,86,0
add-none,1,866,1732,71000,40,0
add-none,1,867,1734,93000,53,0
add-none,1,868,1736,85000,48,0
add-none,1,869,1738,85000,48,0
add-none,1,870,1740,106000,60,0
add-none,1,871,1742,96000,55,0
add-none,1,872,1744,103000,59,0
add-none,1,873,1746,86000,49,0
add-none,1,874,1748,105000,60,0
add-none,1,875,1750,85000,48,0
add-none,1,876,1752,164000,93,0
add-none,1,877,1754,128000,72,0
add-none,1,878,1756,95000,54,0
add-none,1,879,1758,96000,54,0
add-none,1,880,1760,91000,51,0
add-none,1,881,1762,69000,39,0
add-none,1,882,1764,92000,52,0
add-none,1,883,1766,111000,62,0
add-none,1,884,1768,91000,51,0
add-none,1,885,1770,114000,64,0
add-none,1,886,1772,77000,43,0
add-none,1,887,1774,100000,56,0
add-none,1,888,1776,94000,52,0
add-none,1,889,1778,94000,52,0
add-none,1,890,1780,93000,52,0
add-none,1,891,1782,71000,39,0
add-none,1,892,1784,90000,50,0
add-none,1,893,1786,83000,46,0
add-none,1,894,1788,72000,40,0
add-none,1,895,1790,78000,43,0
add-none,1,896,1792,110000,61,0
add-none,1,897,1794,98000,54,0
add-none,1,898,1796,86000,47,0
add-none,1,899,1798,81000,45,0
add-none,1,900,1800,142000,78,0
add-none,1,901,1802,92000,51,0
add-none,1,902,1804,81000,44,0
add-none,1,903,1806,100000,55,0
add-none,1,904,1808,72000,39,0
add-none,1,905,1810,103000,56,0
add-none,1,906,1812,85000,46,0
add-none,1,907,1814,70000,38,0
add-none,1,908,1816,121000,66,0
add-none,1,909,1818,89000,48,0
add-none,1,910,1820,73000,40,0
add-none,1,911,1822,81000,44,0
add-none,1,912,1824,70000,38,0
add-none,1,913,1826,101000,55,0
add-none,1,914,1828,153000,83,0
add-none,1,915,1830,118000,64,0
add-none,1,916,1832,105000,57,0
add-none,1,917,1834,87000,47,0
add-none,1,918,1836,86000,46,0
add-none,1,919,1838,85000,46,0
add-none,1,920,1840,111000,60,0
add-none,1,921,1842,94000,51,0
add-none,1,922,1844,93000,50,0
add-none,1,923,1846,108000,58,0
add-none,1,924,1848,71000,38,0
add-none,1,925,1850,72000,38,0
add-none,1,926,1852,98000,52,0
add-none,1,927,1854,121000,65,0
add-none,1,928,1856,74000,39,0
add-none,1,929,1858,95000,51,0
add-none,1,930,1860,72000,38,0
add-none,1,931,1862,122000,65,0
add-none,1,932,1864,110000,59,0
add-none,1,933,1866,88000,47,0
add-none,1,934,1868,123000,65,0
add-none,1,935,1870,118000,63,0
add-none,1,936,1872,87000,46,0
add-none,1,937,1874,78000,41,0
add-none,1,938,1876,73000,38,0
add-none,1,939,1878,103000,54,0
add-none,1,940,1880,106000,56,0
add-none,1,941,1882,78000,41,0
add-none,1,942,1884,124000,65,0
add-none,1,943,1886,97000,51,0
add-none,1,944,1888,80000,42,0
add-none,1,945,1890,96000,50,0
add-none,1,946,1892,77000,40,0
add-none,1,947,1894,83000,43,0
add-none,1,948,1896,261000,137,0
add-none,1,949,1898,100000,52,0
add-none,1,950,1900,100000,52,0
add-none,1,951,1902,74000,38,0
add-none,1,952,1904,76000,39,0
add-none,1,953,1906,88000,46,0
add-none,1,954,1908,78000,40,0
add-none,1,955,1910,73000,38,0
add-none,1,956,1912,83000,43,0
add-none,1,957,1914,85000,44,0
add-none,1,958,1916,73000,38,0
add-none,1,959,1918,97000,50,0
add-none,1,960,1920,97000,50,0
add-none,1,961,1922,103000,53,0
add-none,1,962,1924,97000,50,0
add-none,1,963,1926,85000,44,0
add-none,1,964,1928,89000,46,0
add-none,1,965,1930,74000,38,0
add-none,1,966,1932,69000,35,0
add-none,1,967,1934,87000,44,0
add-none,1,968,1936,101000,52,0
add-none,1,969,1938,82000,42,0
add-none,1,970,1940,76000,39,0
add-none,1,971,1942,87000,44,0
add-none,1,972,1944,68000,34,0
add-none,1,973,1946,79000,40,0
add-none,1,974,1948,70000,35,0
add-none,1,975,1950,103000,52,0
add-none,1,976,1952,76000,38,0
add-none,1,977,1954,127000,64,0
add-none,1,978,1956,76000,38,0
add-none,1,979,1958,73000,37,0
add-none,1,980,1960,71000,36,0
add-none,1,981,1962,86000,43,0
add-none,1,982,1964,72000,36,0
add-none,1,983,1966,89000,45,0
add-none,1,984,1968,116000,58,0
add-none,1,985,1970,135000,68,0
add-none,1,986,1972,95000,48,0
add-none,1,987,1974,88000,44,0
add-none,1,988,1976,83000,42,0
add-none,1,989,1978,120000,60,0
add-none,1,990,1980,126000,63,0
add-none,1,991,1982,100000,50,0
add-none,1,992,1984,92000,46,0
add-none,1,993,1986,113000,56,0
add-none,1,994,1988,102000,51,0
add-none,1,995,1990,74000,37,0
add-none,1,996,1992,94000,47,0
add-none,1,997,1994,89000,44,0
add-none,1,998,1996,72000,36,0
add-none,1,999,1998,73000,36,0
add-none,1,1000,2000,86000,43,0
add-yield-m,1,10000,20000,7652000,382,0
add-yield-c,1,10000,20000,7441000,372,0
add-yield-s,1,1000,2000,786000,393,0
add-yield-m,2,10000,40000,51139000,1278,0
add-yield-c,2,10000,40000,16323000,408,0
add-yield-s,2,1000,4000,1690000,422,0
add-yield-m,4,10000,80000,378850000,4735,0
add-yield-c,4,10000,80000,36391000,454,0
add-yield-s,4,1000,8000,3445000,430,0
add-yield-m,8,10000,160000,923807000,5773,0
add-yield-c,8,10000,160000,927488000,5796,0
add-yield-s,8,1000,16000,164175532000,10260970,0
add-yield-m,12,10000,240000,1454082000,6058,0
add-yield-c,12,10000,240000,2388539000,9952,0
add-yield-s,12,1000,24000,280539682000,11689153,0
add-none,1,10000,20000,231000,11,0
add-m,1,10000,20000,682000,34,0
add-c,1,10000,20000,439000,21,0
add-s,1,1000,2000,103000,51,0
add-none,2,10000,40000,484000,12,-1160
add-m,2,10000,40000,2712000,67,0
add-c,2,10000,40000,2914000,72,0
add-s,2,1000,4000,472000,118,0
add-none,4,10000,80000,1041000,13,-1409
add-m,4,10000,80000,5672000,70,0
add-c,4,10000,80000,8024000,100,0
add-s,4,1000,8000,587000,73,0
add-none,8,10000,160000,1393000,8,3859
add-m,8,10000,160000,15081000,94,0
add-c,8,10000,160000,14786000,92,0
add-s,8,1000,16000,1435000,89,0
add-none,12,10000,240000,3094000,12,-3307
add-m,12,10000,240000,21928000,91,0
add-c,12,10000,240000,20511000,85,0
add-s,12,1000,24000,1708000,71,0
